		haplotype	Cell_type
AS-194	A13	Rw_Sw_Tw	nBCs
AS-194	B13	Rw_Sw_Tw	nBCs
AS-194	B19	Rw_Sw_Tw	nBCs
AS-194	C9	Rw_Sw_Tw	nBCs
AS-194	C12	Rw_Sw_Tw	nBCs
AS-194	C13	Rw_Sw_Tw	nBCs
AS-194	C18	Rw_Sw_Tw	nBCs
AS-194	D13	Rw_Sw_Tw	nBCs
AS-194	D16	Rw_Sw_Tw	nBCs
AS-194	D18	Rw_Sw_Tw	nBCs
AS-194	E13	Rw_Sw_Tw	nBCs
AS-194	E18	Rw_Sw_Tw	nBCs
AS-194	E22	Rw_Sw_Tw	nBCs
AS-194	F6	Rw_Sw_Tw	nBCs
AS-194	F8	Rw_Sw_Tw	nBCs
AS-194	F12	Rw_Sw_Tw	nBCs
AS-194	F13	Rw_Sw_Tw	nBCs
AS-194	F16	Rw_Sm_Tw	nBCs
AS-194	F17	Rw_Sw_Tw	nBCs
AS-194	F18	Rw_Sw_Tw	nBCs
AS-194	F19	Rw_Sw_Tw	nBCs
AS-194	F20	Rw_Sw_Tw	nBCs
AS-194	F22	Rw_Sw_Tw	nBCs
AS-194	G8	Rw_Sw_Tw	nBCs
AS-194	G13	Rw_Sw_Tw	nBCs
AS-194	G16	Rw_Sw_Tw	nBCs
AS-194	G17	Rw_Sw_Tw	nBCs
AS-194	G18	Rw_Sw_Tw	nBCs
AS-194	H6	Rw_Sw_Tw	nBCs
AS-194	H8	Rw_Sw_Tw	nBCs
AS-194	H12	Rw_Sw_Tw	nBCs
AS-194	H13	Rw_Sw_Tw	nBCs
AS-194	H17	Rw_Sw_Tw	nBCs
AS-194	H18	Rw_Sw_Tw	nBCs
AS-194	H19	Rw_Sw_Tw	nBCs
AS-194	H20	Rw_Sw_Tw	nBCs
AS-194	H22	Rw_Sw_Tw	nBCs
AS-194	I2	Rw_Sw_Tw	nBCs
AS-194	I4	Rw_Sw_Tw	nBCs
AS-194	I6	Rw_Sw_Tw	nBCs
AS-194	I7	Rw_Sw_Tw	nBCs
AS-194	I8	Rw_Sw_Tw	nBCs
AS-194	I9	Rw_Sw_Tw	nBCs
AS-194	I12	Rw_Sw_Tw	nBCs
AS-194	I13	Rw_Sw_Tw	nBCs
AS-194	I16	Rw_Sw_Tw	nBCs
AS-194	I17	Rw_Sw_Tw	nBCs
AS-194	I18	Rw_Sw_Tw	nBCs
AS-194	I19	Rw_Sw_Tw	nBCs
AS-194	I20	Rw_Sw_Tw	nBCs
AS-194	I22	Rw_Sw_Tw	nBCs
AS-194	J4	Rw_Sw_Tw	nBCs
AS-194	J6	Rw_Sw_Tw	nBCs
AS-194	J7	Rw_Sw_Tw	nBCs
AS-194	J8	Rw_Sw_Tw	nBCs
AS-194	J9	Rw_Sw_Tw	nBCs
AS-194	J12	Rw_Sw_Tw	nBCs
AS-194	J13	Rw_Sw_Tw	nBCs
AS-194	J16	Rw_Sw_Tw	nBCs
AS-194	J17	Rw_Sw_Tw	nBCs
AS-194	J18	Rw_Sw_Tw	nBCs
AS-194	J19	Rw_Sw_Tw	nBCs
AS-194	J20	Rw_Sw_Tw	nBCs
AS-194	K2	Rw_Sw_Tw	nBCs
AS-194	K4	Rw_Sm_Tw	nBCs
AS-194	K6	Rw_Sw_Tw	nBCs
AS-194	K7	Rw_Sw_Tw	nBCs
AS-194	K8	Rw_Sw_Tw	nBCs
AS-194	K9	Rw_Sw_Tw	nBCs
AS-194	K12	Rw_Sw_Tw	nBCs
AS-194	K13	Rw_Sw_Tw	nBCs
AS-194	K16	Rw_Sw_Tw	nBCs
AS-194	K17	Rw_Sw_Tw	nBCs
AS-194	K18	Rw_Sw_Tw	nBCs
AS-194	K19	Rw_Sw_Tw	nBCs
AS-194	K20	Rw_Sw_Tw	nBCs
AS-194	K21	Rw_Sw_Tw	nBCs
AS-194	K22	Rw_Sw_Tm	nBCs
AS-194	K24	Rw_Sw_Tw	nBCs
AS-194	L2	Rw_Sw_Tw	nBCs
AS-194	L6	Rw_Sw_Tw	nBCs
AS-194	L8	Rw_Sw_Tw	nBCs
AS-194	L9	Rw_Sw_Tw	nBCs
AS-194	L12	Rw_Sw_Tw	nBCs
AS-194	L13	Rw_Sw_Tw	nBCs
AS-194	L16	Rw_Sw_Tw	nBCs
AS-194	L17	Rw_Sw_Tw	nBCs
AS-194	L18	Rw_Sw_Tw	nBCs
AS-194	L19	Rw_Sw_Tw	nBCs
AS-194	L20	Rw_Sw_Tw	nBCs
AS-194	L22	Rw_Sw_Tw	nBCs
AS-194	M2	Rw_Sw_Tw	nBCs
AS-194	M4	Rw_Sw_Tw	nBCs
AS-194	M6	Rw_Sw_Tw	nBCs
AS-194	M8	Rw_Sw_Tw	nBCs
AS-194	M9	Rw_Sw_Tw	nBCs
AS-194	M12	Rw_Sw_Tw	nBCs
AS-194	M13	Rw_Sw_Tw	nBCs
AS-194	M16	Rw_Sw_Tw	nBCs
AS-194	M17	Rw_Sw_Tw	nBCs
AS-194	M18	Rw_Sw_Tw	nBCs
AS-194	M19	Rw_Sw_Tw	nBCs
AS-194	M20	Rw_Sw_Tw	nBCs
AS-194	N4	Rw_Sw_Tw	nBCs
AS-194	N6	Rw_Sw_Tw	nBCs
AS-194	N8	Rw_Sw_Tw	nBCs
AS-194	N9	Rw_Sw_Tw	nBCs
AS-194	N12	Rw_Sw_Tw	nBCs
AS-194	N13	Rw_Sw_Tw	nBCs
AS-194	N16	Rw_Sw_Tw	nBCs
AS-194	N17	Rw_Sw_Tw	nBCs
AS-194	N18	Rw_Sw_Tw	nBCs
AS-194	N19	Rw_Sw_Tw	nBCs
AS-194	N20	Rw_Sw_Tw	nBCs
AS-194	O12	Rw_Sw_Tw	nBCs
AS-194	O13	Rw_Sw_Tw	nBCs
AS-194	O17	Rw_Sw_Tw	nBCs
AS-194	O18	Rw_Sw_Tw	nBCs
AS-198	A22	Rw_Sm_Tm	CD34
AS-198	B2	Rw_Sm_Tm	CD34
AS-198	B4	Rw_Sm_Tm	CD34
AS-198	B6	Rw_Sm_Tw	CD34
AS-198	B7	Rw_Sm_Tm	CD34
AS-198	B8	Rw_Sm_Tm	CD34
AS-198	B9	Rw_Sm_Tm	CD34
AS-198	B12	Rw_Sm_Tw	CD34
AS-198	B13	Rw_Sm_Tw	CD34
AS-198	B16	Rw_Sm_Tm	CD34
AS-198	B17	Rw_Sm_Tm	CD34
AS-198	B18	Rw_Sm_Tw	CD34
AS-198	B19	Rw_Sm_Tm	CD34
AS-198	B20	Rw_Sw_Tw	CD34
AS-198	B22	Rw_Sm_Tm	CD34
AS-198	C2	Rw_Sm_Tm	CD34
AS-198	C6	Rw_Sm_Tm	CD34
AS-198	C8	Rw_Sm_Tm	CD34
AS-198	C9	Rw_Sm_Tw	CD34
AS-198	C12	Rw_Sm_Tw	CD34
AS-198	C13	Rw_Sm_Tm	CD34
AS-198	C16	Rw_Sm_Tm	CD34
AS-198	C17	Rw_Sm_Tw	CD34
AS-198	C18	Rw_Sm_Tw	CD34
AS-198	C19	Rw_Sm_Tm	CD34
AS-198	C20	Rw_Sm_Tw	CD34
AS-198	C22	Rw_Sm_Tm	CD34
AS-198	D2	Rw_Sm_Tm	CD34
AS-198	D3	Rw_Sm_Tw	CD34
AS-198	D4	Rw_Sm_Tw	CD34
AS-198	D6	Rw_Sw_Tm	CD34
AS-198	D8	Rw_Sw_Tw	CD34
AS-198	D9	Rw_Sm_Tm	CD34
AS-198	D12	Rw_Sw_Tw	CD34
AS-198	D13	Rw_Sm_Tm	CD34
AS-198	D16	Rw_Sm_Tm	CD34
AS-198	D17	Rw_Sm_Tm	CD34
AS-198	D18	Rw_Sm_Tw	CD34
AS-198	D19	Rw_Sm_Tm	CD34
AS-198	D20	Rw_Sm_Tw	CD34
AS-198	E2	Rw_Sm_Tm	CD34
AS-198	E4	Rw_Sm_Tw	CD34
AS-198	E6	Rw_Sm_Tm	CD34
AS-198	E8	Rw_Sm_Tm	CD34
AS-198	E9	Rw_Sm_Tm	CD34
AS-198	E12	Rw_Sm_Tm	CD34
AS-198	E13	Rw_Sm_Tw	CD34
AS-198	E16	Rw_Sm_Tm	CD34
AS-198	E17	Rw_Sm_Tw	CD34
AS-198	E18	Rw_Sm_Tm	CD34
AS-198	E19	Rw_Sm_Tw	CD34
AS-198	E20	Rw_Sm_Tw	CD34
AS-198	E22	Rw_Sm_Tm	CD34
AS-198	F2	Rw_Sm_Tm	CD34
AS-198	F3	Rw_Sm_Tw	CD34
AS-198	F4	Rw_Sm_Tm	CD34
AS-198	F6	Rw_Sm_Tw	CD34
AS-198	F7	Rw_Sm_Tm	CD34
AS-198	F12	Rw_Sm_Tm	CD34
AS-198	F13	Rw_Sm_Tm	CD34
AS-198	F16	Rw_Sm_Tm	CD34
AS-198	F17	Rw_Sm_Tm	CD34
AS-198	F19	Rw_Sm_Tm	CD34
AS-198	F20	Rw_Sm_Tw	CD34
AS-198	G2	Rw_Sm_Tm	CD34
AS-198	G3	Rw_Sm_Tw	CD34
AS-198	G4	Rw_Sm_Tm	CD34
AS-198	G6	Rw_Sm_Tw	CD34
AS-198	G8	Rw_Sm_Tw	CD34
AS-198	G9	Rw_Sm_Tm	CD34
AS-198	G12	Rw_Sm_Tw	CD34
AS-198	G13	Rw_Sm_Tm	CD34
AS-198	G18	Rw_Sm_Tw	CD34
AS-198	G19	Rw_Sw_Tm	CD34
AS-198	G20	Rw_Sm_Tw	CD34
AS-198	H2	Rw_Sm_Tm	CD34
AS-198	H3	Rw_Sm_Tw	CD34
AS-198	H4	Rm_Sm_Tw	CD34
AS-198	H6	Rw_Sm_Tw	CD34
AS-198	H7	Rw_Sm_Tw	CD34
AS-198	H8	Rw_Sm_Tm	CD34
AS-198	H9	Rw_Sm_Tw	CD34
AS-198	H12	Rw_Sm_Tw	CD34
AS-198	H13	Rw_Sm_Tm	CD34
AS-198	H16	Rw_Sm_Tw	CD34
AS-198	H17	Rw_Sm_Tm	CD34
AS-198	H18	Rm_Sm_Tw	CD34
AS-198	H19	Rw_Sm_Tm	CD34
AS-198	H20	Rw_Sm_Tw	CD34
AS-198	H22	Rw_Sw_Tw	CD34
AS-198	I2	Rw_Sw_Tm	CD34
AS-198	I3	Rw_Sm_Tw	CD34
AS-198	I4	Rw_Sm_Tm	CD34
AS-198	I6	Rw_Sm_Tw	CD34
AS-198	I8	Rw_Sm_Tm	CD34
AS-198	I9	Rw_Sm_Tw	CD34
AS-198	I12	Rw_Sm_Tm	CD34
AS-198	I13	Rw_Sm_Tw	CD34
AS-198	I17	Rw_Sm_Tm	CD34
AS-198	I18	Rw_Sm_Tm	CD34
AS-198	I19	Rw_Sm_Tm	CD34
AS-198	I20	Rw_Sm_Tw	CD34
AS-198	I22	Rw_Sm_Tw	CD34
AS-198	J2	Rw_Sm_Tm	CD34
AS-198	J3	Rw_Sm_Tm	CD34
AS-198	J4	Rw_Sm_Tm	CD34
AS-198	J6	Rw_Sm_Tm	CD34
AS-198	J8	Rw_Sm_Tm	CD34
AS-198	J9	Rw_Sm_Tw	CD34
AS-198	J12	Rw_Sm_Tm	CD34
AS-198	J13	Rw_Sm_Tm	CD34
AS-198	J16	Rw_Sm_Tm	CD34
AS-198	J17	Rw_Sm_Tm	CD34
AS-198	J18	Rw_Sm_Tw	CD34
AS-198	J19	Rw_Sm_Tm	CD34
AS-198	J20	Rw_Sw_Tm	CD34
AS-198	J22	Rw_Sm_Tm	CD34
AS-198	K2	Rw_Sm_Tm	CD34
AS-198	K6	Rw_Sm_Tm	CD34
AS-198	K8	Rw_Sm_Tm	CD34
AS-198	K9	Rw_Sm_Tw	CD34
AS-198	K12	Rw_Sm_Tm	CD34
AS-198	K13	Rw_Sm_Tm	CD34
AS-198	K16	Rw_Sm_Tm	CD34
AS-198	K19	Rw_Sm_Tw	CD34
AS-198	K20	Rw_Sm_Tw	CD34
AS-198	K22	Rw_Sm_Tm	CD34
AS-198	L2	Rw_Sm_Tm	CD34
AS-198	L3	Rw_Sm_Tw	CD34
AS-198	L4	Rw_Sm_Tw	CD34
AS-198	L6	Rw_Sm_Tm	CD34
AS-198	L7	Rw_Sw_Tw	CD34
AS-198	L8	Rw_Sm_Tm	CD34
AS-198	L9	Rw_Sm_Tm	CD34
AS-198	L12	Rw_Sm_Tm	CD34
AS-198	L13	Rw_Sm_Tm	CD34
AS-198	L16	Rw_Sm_Tm	CD34
AS-198	L17	Rw_Sm_Tm	CD34
AS-198	L18	Rw_Sm_Tw	CD34
AS-198	L19	Rw_Sm_Tm	CD34
AS-198	L20	Rw_Sm_Tw	CD34
AS-198	L24	Rw_Sm_Tw	CD34
AS-198	M2	Rw_Sm_Tm	CD34
AS-198	M3	Rw_Sw_Tm	CD34
AS-198	M4	Rw_Sm_Tm	CD34
AS-198	M6	Rw_Sm_Tm	CD34
AS-198	M7	Rw_Sm_Tm	CD34
AS-198	M8	Rw_Sm_Tm	CD34
AS-198	M9	Rw_Sm_Tm	CD34
AS-198	M12	Rw_Sm_Tm	CD34
AS-198	M13	Rw_Sm_Tm	CD34
AS-198	M16	Rw_Sm_Tm	CD34
AS-198	M17	Rw_Sm_Tm	CD34
AS-198	M18	Rw_Sm_Tm	CD34
AS-198	M19	Rw_Sm_Tm	CD34
AS-198	M20	Rw_Sm_Tw	CD34
AS-198	M22	Rw_Sm_Tw	CD34
AS-198	N2	Rw_Sm_Tm	CD34
AS-198	N4	Rw_Sm_Tm	CD34
AS-198	N6	Rw_Sm_Tm	CD34
AS-198	N8	Rm_Sm_Tm	CD34
AS-198	N9	Rw_Sm_Tw	CD34
AS-198	N12	Rw_Sm_Tw	CD34
AS-198	N13	Rw_Sm_Tw	CD34
AS-198	N16	Rw_Sm_Tw	CD34
AS-198	N17	Rw_Sm_Tw	CD34
AS-198	N18	Rw_Sm_Tw	CD34
AS-198	N19	Rw_Sm_Tm	CD34
AS-198	N20	Rw_Sm_Tw	CD34
AS-198	N22	Rm_Sm_Tw	CD34
AS-198	N23	Rw_Sm_Tw	CD34
AS-198	O2	Rw_Sm_Tm	CD34
AS-198	O4	Rw_Sm_Tm	CD34
AS-198	O6	Rw_Sm_Tm	CD34
AS-198	O8	Rw_Sm_Tm	CD34
AS-198	O9	Rw_Sm_Tm	CD34
AS-198	O12	Rw_Sm_Tw	CD34
AS-198	O13	Rw_Sm_Tm	CD34
AS-198	O17	Rw_Sm_Tm	CD34
AS-198	O18	Rw_Sm_Tm	CD34
AS-198	O20	Rw_Sw_Tm	CD34
AS-198	O22	Rw_Sm_Tm	CD34
AS-198	P13	Rw_Sm_Tm	CD34
AS-198	P20	Rw_Sm_Tw	CD34
AS-196	B2	Rw_Sw_Tw	nBCs
AS-196	B4	Rw_Sw_Tw	nBCs
AS-196	B6	Rw_Sw_Tw	nBCs
AS-196	B8	Rw_Sw_Tw	nBCs
AS-196	B12	Rw_Sw_Tw	nBCs
AS-196	B13	Rw_Sw_Tw	nBCs
AS-196	B16	Rw_Sw_Tw	nBCs
AS-196	B17	Rw_Sw_Tw	nBCs
AS-196	B18	Rw_Sw_Tw	nBCs
AS-196	B19	Rw_Sw_Tw	nBCs
AS-196	B20	Rw_Sw_Tw	nBCs
AS-196	C18	Rw_Sw_Tw	nBCs
AS-196	D2	Rw_Sw_Tw	nBCs
AS-196	D4	Rw_Sw_Tw	nBCs
AS-196	D6	Rw_Sw_Tw	nBCs
AS-196	D8	Rw_Sw_Tw	nBCs
AS-196	D9	Rw_Sw_Tw	nBCs
AS-196	D12	Rw_Sw_Tw	nBCs
AS-196	D13	Rw_Sw_Tw	nBCs
AS-196	D16	Rw_Sw_Tw	nBCs
AS-196	D17	Rw_Sw_Tw	nBCs
AS-196	D18	Rw_Sw_Tw	nBCs
AS-196	D19	Rw_Sw_Tw	nBCs
AS-196	D20	Rw_Sw_Tw	nBCs
AS-196	E2	Rw_Sw_Tw	nBCs
AS-196	E4	Rw_Sw_Tw	nBCs
AS-196	E6	Rw_Sw_Tw	nBCs
AS-196	E8	Rw_Sw_Tw	nBCs
AS-196	E9	Rw_Sw_Tw	nBCs
AS-196	E12	Rw_Sw_Tw	nBCs
AS-196	E13	Rw_Sw_Tw	nBCs
AS-196	E16	Rw_Sm_Tw	nBCs
AS-196	E17	Rw_Sw_Tw	nBCs
AS-196	E18	Rw_Sw_Tw	nBCs
AS-196	E19	Rw_Sw_Tw	nBCs
AS-196	E20	Rw_Sw_Tw	nBCs
AS-196	E22	Rw_Sw_Tw	nBCs
AS-196	F2	Rw_Sw_Tw	nBCs
AS-196	F3	Rw_Sm_Tw	nBCs
AS-196	F4	Rw_Sw_Tw	nBCs
AS-196	F6	Rw_Sw_Tw	nBCs
AS-196	F8	Rw_Sw_Tw	nBCs
AS-196	F9	Rw_Sw_Tw	nBCs
AS-196	F12	Rw_Sw_Tw	nBCs
AS-196	F13	Rw_Sw_Tw	nBCs
AS-196	F16	Rw_Sw_Tw	nBCs
AS-196	F17	Rw_Sw_Tw	nBCs
AS-196	F18	Rw_Sw_Tw	nBCs
AS-196	F19	Rw_Sw_Tw	nBCs
AS-196	F20	Rw_Sw_Tw	nBCs
AS-196	F22	Rw_Sw_Tw	nBCs
AS-196	G2	Rw_Sw_Tw	nBCs
AS-196	G3	Rw_Sw_Tw	nBCs
AS-196	G4	Rw_Sw_Tw	nBCs
AS-196	G6	Rw_Sw_Tw	nBCs
AS-196	G8	Rw_Sw_Tw	nBCs
AS-196	G9	Rw_Sw_Tw	nBCs
AS-196	G12	Rw_Sw_Tw	nBCs
AS-196	G13	Rw_Sw_Tw	nBCs
AS-196	G16	Rw_Sw_Tw	nBCs
AS-196	G17	Rw_Sw_Tw	nBCs
AS-196	G18	Rw_Sw_Tw	nBCs
AS-196	G19	Rw_Sw_Tw	nBCs
AS-196	G20	Rw_Sw_Tw	nBCs
AS-196	H2	Rw_Sw_Tw	nBCs
AS-196	H3	Rw_Sw_Tw	nBCs
AS-196	H4	Rw_Sw_Tw	nBCs
AS-196	H6	Rw_Sw_Tw	nBCs
AS-196	H8	Rw_Sw_Tw	nBCs
AS-196	H9	Rw_Sw_Tw	nBCs
AS-196	H12	Rw_Sw_Tw	nBCs
AS-196	H13	Rw_Sw_Tw	nBCs
AS-196	H16	Rw_Sw_Tw	nBCs
AS-196	H17	Rw_Sw_Tw	nBCs
AS-196	H18	Rw_Sw_Tw	nBCs
AS-196	H19	Rw_Sw_Tw	nBCs
AS-196	H20	Rw_Sw_Tw	nBCs
AS-196	H22	Rw_Sw_Tw	nBCs
AS-196	I2	Rw_Sw_Tw	nBCs
AS-196	I3	Rw_Sw_Tw	nBCs
AS-196	I4	Rw_Sw_Tw	nBCs
AS-196	I6	Rw_Sw_Tw	nBCs
AS-196	I8	Rw_Sw_Tw	nBCs
AS-196	I9	Rw_Sw_Tw	nBCs
AS-196	I12	Rw_Sw_Tw	nBCs
AS-196	I13	Rw_Sw_Tw	nBCs
AS-196	I16	Rw_Sw_Tw	nBCs
AS-196	I17	Rw_Sw_Tw	nBCs
AS-196	I18	Rw_Sw_Tw	nBCs
AS-196	I19	Rw_Sw_Tw	nBCs
AS-196	I20	Rw_Sw_Tw	nBCs
AS-196	I22	Rw_Sw_Tw	nBCs
AS-196	J2	Rw_Sw_Tw	nBCs
AS-196	J4	Rw_Sw_Tw	nBCs
AS-196	J6	Rw_Sw_Tw	nBCs
AS-196	J8	Rw_Sw_Tw	nBCs
AS-196	J9	Rw_Sw_Tw	nBCs
AS-196	J12	Rw_Sw_Tw	nBCs
AS-196	J13	Rw_Sw_Tw	nBCs
AS-196	J16	Rw_Sw_Tw	nBCs
AS-196	J17	Rw_Sw_Tw	nBCs
AS-196	J18	Rw_Sw_Tw	nBCs
AS-196	J19	Rw_Sw_Tw	nBCs
AS-196	J20	Rw_Sw_Tw	nBCs
AS-196	J22	Rw_Sw_Tw	nBCs
AS-196	K2	Rw_Sw_Tw	nBCs
AS-196	K3	Rw_Sw_Tw	nBCs
AS-196	K4	Rw_Sw_Tw	nBCs
AS-196	K6	Rw_Sw_Tw	nBCs
AS-196	K7	Rw_Sw_Tw	nBCs
AS-196	K8	Rw_Sw_Tw	nBCs
AS-196	K9	Rw_Sw_Tw	nBCs
AS-196	K12	Rw_Sw_Tw	nBCs
AS-196	K13	Rw_Sw_Tw	nBCs
AS-196	K16	Rw_Sw_Tw	nBCs
AS-196	K17	Rw_Sw_Tw	nBCs
AS-196	K18	Rw_Sw_Tw	nBCs
AS-196	K19	Rw_Sw_Tw	nBCs
AS-196	K20	Rw_Sw_Tw	nBCs
AS-196	K22	Rw_Sw_Tw	nBCs
AS-196	K23	Rw_Sw_Tw	nBCs
AS-196	L2	Rw_Sw_Tw	nBCs
AS-196	L3	Rw_Sw_Tw	nBCs
AS-196	L4	Rw_Sw_Tw	nBCs
AS-196	L6	Rw_Sw_Tw	nBCs
AS-196	L8	Rw_Sw_Tw	nBCs
AS-196	L9	Rw_Sw_Tw	nBCs
AS-196	L12	Rw_Sw_Tw	nBCs
AS-196	L13	Rw_Sw_Tw	nBCs
AS-196	L16	Rw_Sw_Tw	nBCs
AS-196	L17	Rw_Sw_Tw	nBCs
AS-196	L18	Rw_Sw_Tw	nBCs
AS-196	L19	Rw_Sw_Tw	nBCs
AS-196	L20	Rw_Sw_Tw	nBCs
AS-196	M2	Rw_Sw_Tw	nBCs
AS-196	M4	Rw_Sw_Tw	nBCs
AS-196	M6	Rw_Sw_Tw	nBCs
AS-196	M8	Rw_Sw_Tw	nBCs
AS-196	M9	Rw_Sw_Tw	nBCs
AS-196	M12	Rw_Sw_Tw	nBCs
AS-196	M13	Rw_Sw_Tw	nBCs
AS-196	M16	Rw_Sw_Tw	nBCs
AS-196	M17	Rw_Sw_Tw	nBCs
AS-196	M18	Rw_Sw_Tw	nBCs
AS-196	M19	Rw_Sw_Tw	nBCs
AS-196	M20	Rw_Sw_Tw	nBCs
AS-196	M22	Rw_Sw_Tw	nBCs
AS-196	N2	Rw_Sw_Tw	nBCs
AS-196	N3	Rw_Sw_Tw	nBCs
AS-196	N4	Rw_Sw_Tw	nBCs
AS-196	N6	Rw_Sw_Tw	nBCs
AS-196	N8	Rw_Sw_Tw	nBCs
AS-196	N9	Rw_Sw_Tw	nBCs
AS-196	N12	Rw_Sw_Tw	nBCs
AS-196	N13	Rw_Sw_Tw	nBCs
AS-196	N16	Rw_Sw_Tw	nBCs
AS-196	N17	Rw_Sw_Tw	nBCs
AS-196	N18	Rw_Sw_Tw	nBCs
AS-196	N19	Rw_Sw_Tm	nBCs
AS-196	N20	Rw_Sw_Tm	nBCs
AS-196	N22	Rw_Sw_Tw	nBCs
AS-196	O6	Rw_Sw_Tw	nBCs
AS-196	O12	Rw_Sw_Tw	nBCs
AS-196	O13	Rw_Sw_Tw	nBCs
AS-196	O16	Rw_Sw_Tw	nBCs
AS-196	O17	Rw_Sw_Tw	nBCs
AS-196	O18	Rw_Sw_Tm	nBCs
AS-196	O20	Rw_Sw_Tw	nBCs
AS-201	B8	Rw_Sm_Tm	CD34+/38-
AS-201	B9	Rw_Sm_Tm	CD34+/38-
AS-201	B13	Rw_Sm_Tm	CD34+/38-
AS-201	B16	Rw_Sw_Tm	CD34+/38-
AS-201	B17	Rw_Sw_Tm	CD34+/38-
AS-201	B20	Rw_Sm_Tw	CD34+/38-
AS-201	B21	Rw_Sm_Tw	CD34+/38-
AS-201	C13	Rw_Sm_Tm	CD34+/38-
AS-201	C16	Rm_Sm_Tm	CD34+/38-
AS-201	C17	Rw_Sw_Tm	CD34+/38-
AS-201	C20	Rw_Sw_Tw	CD34+/38-
AS-201	C21	Rw_Sm_Tm	CD34+/38-
AS-201	D9	Rw_Sm_Tw	CD34+/38-
AS-201	D13	Rw_Sw_Tw	CD34+/38-
AS-201	D16	Rw_Sm_Tm	CD34+/38-
AS-201	D17	Rw_Sm_Tw	CD34+/38-
AS-201	D19	Rm_Sm_Tm	CD34+/38-
AS-201	D20	Rw_Sm_Tm	CD34+/38-
AS-201	E12	Rw_Sm_Tm	CD34+/38-
AS-201	E13	Rw_Sm_Tm	CD34+/38-
AS-201	E16	Rw_Sm_Tm	CD34+/38-
AS-201	E17	Rm_Sm_Tw	CD34+/38-
AS-201	E18	Rw_Sw_Tm	CD34+/38-
AS-201	E19	Rw_Sm_Tw	CD34+/38-
AS-201	E20	Rw_Sm_Tm	CD34+/38-
AS-201	E21	Rw_Sm_Tm	CD34+/38-
AS-201	F4	Rw_Sw_Tw	CD34+/38-
AS-201	F6	Rw_Sm_Tm	CD34+/38-
AS-201	F8	Rw_Sm_Tm	CD34+/38-
AS-201	F9	Rw_Sw_Tw	CD34+/38-
AS-201	F12	Rw_Sw_Tw	CD34+/38-
AS-201	F13	Rm_Sm_Tw	CD34+/38-
AS-201	F16	Rw_Sm_Tw	CD34+/38-
AS-201	F17	Rw_Sw_Tw	CD34+/38-
AS-201	F19	Rw_Sm_Tm	CD34+/38-
AS-201	F20	Rw_Sm_Tw	CD34+/38-
AS-201	G2	Rw_Sm_Tw	CD34+/38-
AS-201	G3	Rw_Sm_Tw	CD34+/38-
AS-201	G20	Rw_Sm_Tw	CD34+/38-
AS-201	G21	Rw_Sw_Tm	CD34+/38-
AS-201	G22	Rw_Sm_Tm	CD34+/38-
AS-197	B9	Rw_Sm_Tm	CD34
AS-197	B12	Rw_Sm_Tm	CD34
AS-197	B13	Rw_Sm_Tm	CD34
AS-197	B18	Rw_Sm_Tm	CD34
AS-197	B22	Rw_Sw_Tm	CD34
AS-197	B23	Rw_Sm_Tm	CD34
AS-197	C2	Rw_Sm_Tm	CD34
AS-197	C9	Rw_Sm_Tm	CD34
AS-197	C12	Rw_Sw_Tm	CD34
AS-197	C13	Rw_Sm_Tm	CD34
AS-197	C16	Rw_Sm_Tm	CD34
AS-197	C17	Rw_Sw_Tw	CD34
AS-197	C18	Rw_Sm_Tw	CD34
AS-197	C19	Rw_Sm_Tm	CD34
AS-197	C20	Rw_Sm_Tw	CD34
AS-197	C22	Rw_Sm_Tw	CD34
AS-197	C23	Rw_Sm_Tm	CD34
AS-197	D4	Rw_Sm_Tm	CD34
AS-197	D6	Rw_Sm_Tw	CD34
AS-197	D8	Rw_Sm_Tm	CD34
AS-197	D9	Rw_Sw_Tw	CD34
AS-197	D12	Rw_Sm_Tm	CD34
AS-197	D13	Rw_Sm_Tw	CD34
AS-197	D16	Rw_Sm_Tw	CD34
AS-197	D18	Rw_Sm_Tm	CD34
AS-197	D20	Rm_Sm_Tm	CD34
AS-197	D22	Rw_Sm_Tm	CD34
AS-197	E2	Rw_Sm_Tm	CD34
AS-197	E6	Rw_Sm_Tm	CD34
AS-197	E8	Rw_Sw_Tm	CD34
AS-197	E9	Rw_Sm_Tm	CD34
AS-197	E12	Rw_Sm_Tm	CD34
AS-197	E13	Rm_Sm_Tm	CD34
AS-197	E16	Rw_Sm_Tm	CD34
AS-197	E17	Rw_Sm_Tm	CD34
AS-197	E18	Rw_Sm_Tm	CD34
AS-197	E19	Rw_Sm_Tw	CD34
AS-197	E20	Rw_Sm_Tm	CD34
AS-197	E21	Rw_Sm_Tw	CD34
AS-197	E22	Rw_Sm_Tw	CD34
AS-197	E23	Rw_Sm_Tw	CD34
AS-197	F6	Rw_Sm_Tm	CD34
AS-197	F8	Rw_Sm_Tm	CD34
AS-197	F9	Rw_Sm_Tm	CD34
AS-197	F12	Rw_Sm_Tm	CD34
AS-197	F13	Rw_Sm_Tw	CD34
AS-197	F16	Rw_Sm_Tw	CD34
AS-197	F17	Rw_Sm_Tm	CD34
AS-197	F18	Rw_Sm_Tw	CD34
AS-197	F19	Rw_Sm_Tm	CD34
AS-197	F20	Rw_Sw_Tm	CD34
AS-197	F22	Rw_Sm_Tm	CD34
AS-197	G2	Rw_Sm_Tw	CD34
AS-197	G4	Rw_Sm_Tm	CD34
AS-197	G6	Rw_Sm_Tm	CD34
AS-197	G8	Rw_Sm_Tm	CD34
AS-197	G9	Rw_Sm_Tm	CD34
AS-197	G12	Rw_Sm_Tm	CD34
AS-197	G13	Rm_Sm_Tm	CD34
AS-197	G16	Rw_Sm_Tm	CD34
AS-197	G17	Rw_Sw_Tm	CD34
AS-197	G18	Rw_Sm_Tm	CD34
AS-197	G19	Rw_Sm_Tw	CD34
AS-197	G20	Rw_Sm_Tm	CD34
AS-197	G22	Rw_Sm_Tm	CD34
AS-197	G23	Rw_Sm_Tm	CD34
AS-197	H3	Rw_Sm_Tw	CD34
AS-197	H6	Rw_Sm_Tm	CD34
AS-197	H8	Rw_Sm_Tw	CD34
AS-197	H9	Rw_Sm_Tw	CD34
AS-197	H12	Rw_Sm_Tm	CD34
AS-197	H13	Rw_Sm_Tw	CD34
AS-197	H16	Rw_Sm_Tw	CD34
AS-197	H17	Rw_Sm_Tw	CD34
AS-197	H18	Rw_Sw_Tw	CD34
AS-197	H19	Rw_Sm_Tm	CD34
AS-197	H20	Rw_Sm_Tm	CD34
AS-197	H22	Rw_Sm_Tm	CD34
AS-197	I4	Rw_Sm_Tm	CD34
AS-197	I6	Rw_Sm_Tm	CD34
AS-197	I8	Rw_Sm_Tm	CD34
AS-197	I9	Rw_Sm_Tw	CD34
AS-197	I12	Rw_Sm_Tw	CD34
AS-197	I13	Rw_Sm_Tm	CD34
AS-197	I16	Rw_Sm_Tw	CD34
AS-197	I17	Rw_Sm_Tm	CD34
AS-197	I18	Rw_Sm_Tm	CD34
AS-197	I19	Rw_Sm_Tm	CD34
AS-197	I20	Rw_Sw_Tw	CD34
AS-197	I22	Rw_Sm_Tm	CD34
AS-197	I23	Rw_Sm_Tm	CD34
AS-197	J9	Rw_Sw_Tw	CD34
AS-197	J12	Rw_Sm_Tm	CD34
AS-197	J13	Rw_Sw_Tw	CD34
AS-197	J16	Rw_Sm_Tm	CD34
AS-197	J17	Rw_Sm_Tm	CD34
AS-197	J18	Rw_Sm_Tm	CD34
AS-197	K2	Rw_Sm_Tm	CD34
AS-197	K3	Rw_Sw_Tw	CD34
AS-197	K4	Rw_Sm_Tw	CD34
AS-197	K6	Rw_Sm_Tm	CD34
AS-197	K9	Rw_Sm_Tm	CD34
AS-197	K12	Rm_Sm_Tm	CD34
AS-197	K13	Rw_Sm_Tw	CD34
AS-197	K17	Rw_Sm_Tm	CD34
AS-197	K18	Rw_Sm_Tw	CD34
AS-197	K19	Rw_Sw_Tm	CD34
AS-197	K20	Rw_Sm_Tm	CD34
AS-197	K21	Rw_Sm_Tm	CD34
AS-197	L2	Rw_Sm_Tm	CD34
AS-197	L8	Rw_Sm_Tm	CD34
AS-197	L9	Rw_Sm_Tw	CD34
AS-197	L12	Rw_Sm_Tm	CD34
AS-197	L13	Rw_Sm_Tm	CD34
AS-197	L17	Rw_Sw_Tw	CD34
AS-197	L18	Rw_Sm_Tw	CD34
AS-197	L19	Rm_Sm_Tm	CD34
AS-197	M2	Rw_Sm_Tm	CD34
AS-197	M8	Rw_Sm_Tm	CD34
AS-197	M9	Rw_Sm_Tm	CD34
AS-197	M12	Rw_Sm_Tm	CD34
AS-197	M13	Rw_Sm_Tm	CD34
AS-197	M18	Rw_Sm_Tm	CD34
AS-197	M19	Rw_Sm_Tw	CD34
AS-197	N6	Rw_Sm_Tw	CD34
AS-197	N9	Rw_Sm_Tw	CD34
AS-197	N12	Rw_Sm_Tm	CD34
AS-197	N18	Rw_Sm_Tm	CD34
AS-197	N20	Rw_Sm_Tm	CD34
AS-197	O9	Rw_Sm_Tw	CD34
AS-197	O12	Rw_Sm_Tm	CD34
AS-197	O13	Rw_Sm_Tm	CD34
AS-197	O16	Rw_Sm_Tm	CD34
AS-197	O18	Rw_Sm_Tm	CD34
AS-193	B12	Rw_Sw_Tw	Monocytes
AS-193	B13	Rw_Sm_Tm	Monocytes
AS-193	C6	Rw_Sm_Tw	Monocytes
AS-193	C16	Rw_Sw_Tw	Monocytes
AS-193	C20	Rw_Sm_Tw	Monocytes
AS-193	D6	Rw_Sm_Tw	Monocytes
AS-193	D8	Rw_Sm_Tw	Monocytes
AS-193	D9	Rw_Sw_Tw	Monocytes
AS-193	D13	Rw_Sm_Tw	Monocytes
AS-193	D17	Rm_Sm_Tw	Monocytes
AS-193	D19	Rm_Sm_Tm	Monocytes
AS-193	D20	Rw_Sm_Tm	Monocytes
AS-193	E2	Rm_Sm_Tm	Monocytes
AS-193	E4	Rw_Sm_Tw	Monocytes
AS-193	E6	Rw_Sm_Tm	Monocytes
AS-193	E8	Rw_Sm_Tw	Monocytes
AS-193	E9	Rm_Sm_Tw	Monocytes
AS-193	E12	Rw_Sm_Tw	Monocytes
AS-193	E13	Rw_Sw_Tm	Monocytes
AS-193	E16	Rw_Sw_Tw	Monocytes
AS-193	E17	Rw_Sm_Tm	Monocytes
AS-193	E19	Rw_Sm_Tm	Monocytes
AS-193	E20	Rw_Sw_Tw	Monocytes
AS-193	E22	Rw_Sw_Tm	Monocytes
AS-193	F2	Rw_Sm_Tw	Monocytes
AS-193	F4	Rw_Sm_Tw	Monocytes
AS-193	F6	Rw_Sm_Tw	Monocytes
AS-193	F8	Rm_Sm_Tw	Monocytes
AS-193	F9	Rw_Sw_Tw	Monocytes
AS-193	F12	Rw_Sw_Tw	Monocytes
AS-193	F13	Rw_Sm_Tm	Monocytes
AS-193	F16	Rw_Sm_Tw	Monocytes
AS-193	F17	Rw_Sm_Tw	Monocytes
AS-193	F18	Rw_Sm_Tw	Monocytes
AS-193	F19	Rw_Sm_Tm	Monocytes
AS-193	F20	Rw_Sm_Tm	Monocytes
AS-193	F21	Rw_Sm_Tw	Monocytes
AS-193	F22	Rw_Sm_Tw	Monocytes
AS-193	G12	Rw_Sm_Tm	Monocytes
AS-193	G13	Rw_Sm_Tm	Monocytes
AS-193	G17	Rm_Sm_Tm	Monocytes
AS-193	G20	Rw_Sm_Tm	Monocytes
AS-193	H4	Rw_Sm_Tm	Monocytes
AS-193	H6	Rw_Sw_Tw	Monocytes
AS-193	H8	Rw_Sm_Tm	Monocytes
AS-193	H13	Rw_Sw_Tm	Monocytes
AS-193	H16	Rw_Sw_Tw	Monocytes
AS-193	H17	Rw_Sm_Tw	Monocytes
AS-193	H20	Rw_Sm_Tw	Monocytes
AS-193	I2	Rw_Sm_Tw	Monocytes
AS-193	I4	Rw_Sw_Tw	Monocytes
AS-193	I6	Rw_Sm_Tw	Monocytes
AS-193	I8	Rw_Sm_Tw	Monocytes
AS-193	I9	Rw_Sw_Tw	Monocytes
AS-193	I12	Rw_Sm_Tm	Monocytes
AS-193	I13	Rw_Sm_Tw	Monocytes
AS-193	I16	Rw_Sm_Tw	Monocytes
AS-193	I17	Rw_Sm_Tw	Monocytes
AS-193	I19	Rw_Sm_Tm	Monocytes
AS-193	I20	Rw_Sm_Tw	Monocytes
AS-193	I21	Rw_Sm_Tm	Monocytes
AS-193	J2	Rw_Sm_Tm	Monocytes
AS-193	J3	Rw_Sm_Tm	Monocytes
AS-193	J6	Rw_Sm_Tm	Monocytes
AS-193	J8	Rm_Sm_Tm	Monocytes
AS-193	J9	Rw_Sm_Tm	Monocytes
AS-193	J12	Rw_Sm_Tw	Monocytes
AS-193	J13	Rw_Sw_Tm	Monocytes
AS-193	J16	Rw_Sm_Tw	Monocytes
AS-193	J17	Rw_Sm_Tm	Monocytes
AS-193	J19	Rm_Sm_Tm	Monocytes
AS-193	J20	Rw_Sm_Tm	Monocytes
AS-193	K2	Rw_Sm_Tw	Monocytes
AS-193	K4	Rw_Sm_Tw	Monocytes
AS-193	K6	Rw_Sm_Tw	Monocytes
AS-193	K8	Rw_Sw_Tw	Monocytes
AS-193	K9	Rw_Sw_Tm	Monocytes
AS-193	K12	Rw_Sw_Tw	Monocytes
AS-193	K13	Rw_Sw_Tm	Monocytes
AS-193	K16	Rw_Sw_Tw	Monocytes
AS-193	K17	Rw_Sm_Tm	Monocytes
AS-193	K18	Rw_Sm_Tw	Monocytes
AS-193	K19	Rw_Sm_Tw	Monocytes
AS-193	K20	Rw_Sm_Tw	Monocytes
AS-193	L3	Rw_Sm_Tw	Monocytes
AS-193	L6	Rw_Sm_Tw	Monocytes
AS-193	L8	Rw_Sm_Tm	Monocytes
AS-193	L9	Rw_Sw_Tw	Monocytes
AS-193	L12	Rw_Sm_Tw	Monocytes
AS-193	L13	Rw_Sm_Tw	Monocytes
AS-193	L16	Rw_Sm_Tw	Monocytes
AS-193	L18	Rw_Sw_Tw	Monocytes
AS-193	L19	Rm_Sm_Tm	Monocytes
AS-193	L20	Rw_Sm_Tw	Monocytes
AS-193	M4	Rw_Sw_Tw	Monocytes
AS-193	M6	Rw_Sm_Tw	Monocytes
AS-193	M8	Rw_Sm_Tw	Monocytes
AS-193	M9	Rw_Sw_Tw	Monocytes
AS-193	M12	Rw_Sm_Tm	Monocytes
AS-193	M13	Rw_Sm_Tm	Monocytes
AS-193	M17	Rm_Sm_Tm	Monocytes
AS-193	M20	Rw_Sm_Tm	Monocytes
AS-193	M22	Rw_Sm_Tm	Monocytes
AS-193	N2	Rw_Sm_Tw	Monocytes
AS-193	N3	Rw_Sm_Tm	Monocytes
AS-193	N6	Rw_Sm_Tw	Monocytes
AS-193	N9	Rw_Sw_Tw	Monocytes
AS-193	N13	Rw_Sw_Tm	Monocytes
AS-193	N20	Rw_Sm_Tm	Monocytes
AS-193	O12	Rw_Sw_Tm	Monocytes
AS-193	O20	Rw_Sw_Tw	Monocytes
